{
    "return_stat": {
        "count": 121650,
        "mean": 138.2786328283559,
        "var": 1963804494.770222
    },
    "run_id": "whlpcpjw",
    "skill_ratings": {
        "1v1": 14.817649841308594
    },
    "total_iterations": 811,
    "total_timesteps": 246238464
}